{
    "line": "325",
    "avgWaitTime": 49.34428534487268,
    "avgReturnTime": 161.16320861678008,
    "hourlyAvgWaitTimes": [
        0,
        0,
        0,
        0,
        0,
        0,
        0,
        6.328571428571428,
        23.980612244897955,
        22.234761904761907,
        30.898095238095234,
        28.76857142857143,
        33.498095238095246,
        29.238095238095237,
        28.840476190476192,
        37.89523809523809,
        42.925714285714285,
        28.12857142857143,
        30.3,
        45.55714285714286,
        65.41666666666666,
        45.371428571428574,
        69.78571428571429,
        26.2
    ]
}
