{
    "line": "325",
    "avgWaitTime": 49.58225536161964,
    "avgReturnTime": 156.29174836601308,
    "hourlyAvgWaitTimes": [
        0,
        0,
        44.83796296296296,
        20.38888888888889,
        33.38194444444444,
        40.469907407407405,
        30.97453703703704,
        46.140277777777776,
        27.96296296296296,
        40.81018518518518,
        50.88194444444444,
        33.39120370370371,
        0,
        9.444444444444445,
        98.00925925925927,
        40.68564814814815,
        34.746759259259264,
        30.98611111111111,
        39.76157407407407,
        31.273148148148145,
        23.939814814814813,
        22.569444444444443,
        0,
        0
    ]
}
